mirna,mirna_type,target,target_type,count
mirna,-,total,-,835
kshv-miR-K12-1,kshv_microRNA,ENSG00000171940_ENST00000371471_ZNF217_mRNA,mRNA,43
kshv-miR-K12-1,kshv_microRNA,ENSG00000198959_ENST00000361475_TGM2_mRNA,mRNA,21
kshv-miR-K12-1,kshv_microRNA,MIMAT0000092_MirBase_miR-92a_microRNA,miRNA,18
kshv-miR-K12-1,kshv_microRNA,ENSG00000241093_ENST00000470516_AC021914-2_pseudo,pseudogene,15
kshv-miR-K12-1,kshv_microRNA,MIMAT0000420_MirBase_miR-30b_microRNA,miRNA,12
kshv-miR-K12-1,kshv_microRNA,MIMAT0000076_MirBase_miR-21_microRNA,miRNA,8
kshv-miR-K12-1,kshv_microRNA,MIMAT0000078_MirBase_miR-23a_microRNA,miRNA,8
kshv-miR-K12-1,kshv_microRNA,MIMAT0000087_MirBase_miR-30a_microRNA,miRNA,7
kshv-miR-K12-1,kshv_microRNA,ENSG00000112996_ENST00000507110_MRPS30_mRNA,mRNA,7
kshv-miR-K12-1,kshv_microRNA,ENSG00000196781_ENST00000376499_TLE1_mRNA,mRNA,7
kshv-miR-K12-1,kshv_microRNA,ENSG00000100906_ENST00000216797_NFKBIA_mRNA,mRNA,7
kshv-miR-K12-1,kshv_microRNA,MIMAT0000443_MirBase_miR-125a-5p_microRNA,miRNA,7
kshv-miR-K12-1,kshv_microRNA,ENSG00000153113_ENST00000395812_CAST_mRNA,mRNA,6
kshv-miR-K12-1,kshv_microRNA,ENSG00000153113_ENST00000359176_CAST_mRNA,mRNA,6
kshv-miR-K12-1,kshv_microRNA,ENSG00000153113_ENST00000309190_CAST_mRNA,mRNA,6
kshv-miR-K12-1,kshv_microRNA,ENSG00000153113_ENST00000421689_CAST_mRNA,mRNA,6
kshv-miR-K12-1,kshv_microRNA,ENSG00000124151_ENST00000371997_NCOA3_mRNA,mRNA,6
kshv-miR-K12-1,kshv_microRNA,ENSG00000124151_ENST00000340189_NCOA3_mRNA,mRNA,6
kshv-miR-K12-1,kshv_microRNA,ENSG00000124151_ENST00000372004_NCOA3_mRNA,mRNA,6
kshv-miR-K12-1,kshv_microRNA,ENSG00000124151_ENST00000371998_NCOA3_mRNA,mRNA,6
kshv-miR-K12-1,kshv_microRNA,ENSG00000175390_ENST00000449102_EIF3F_mRNA,mRNA,4
kshv-miR-K12-1,kshv_microRNA,ENSG00000124762_ENST00000405375_CDKN1A_mRNA,mRNA,4
kshv-miR-K12-1,kshv_microRNA,ENSG00000124762_ENST00000244741_CDKN1A_mRNA,mRNA,4
kshv-miR-K12-1,kshv_microRNA,ENSG00000124762_ENST00000448526_CDKN1A_mRNA,mRNA,4
kshv-miR-K12-1,kshv_microRNA,ENSG00000124201_ENST00000371752_ZNFX1_mRNA,mRNA,4
kshv-miR-K12-1,kshv_microRNA,ENSG00000124201_ENST00000396105_ZNFX1_mRNA,mRNA,4
kshv-miR-K12-1,kshv_microRNA,MIMAT0000279_MirBase_miR-222_microRNA,miRNA,4
kshv-miR-K12-1,kshv_microRNA,ENSG00000100380_ENST00000216218_ST13_mRNA,mRNA,4
kshv-miR-K12-1,kshv_microRNA,ENSG00000150991_ENST00000339647_UBC_mRNA,mRNA,4
kshv-miR-K12-1,kshv_microRNA,ENSG00000243652_ENST00000483314_AC117444-1_pseudo,pseudogene,4
kshv-miR-K12-1,kshv_microRNA,ENSG00000242927_ENST00000492114_AC073308-1_pseudo,pseudogene,4
kshv-miR-K12-1,kshv_microRNA,ENSG00000143418_ENST00000368954_LASS2_mRNA,mRNA,4
kshv-miR-K12-1,kshv_microRNA,ENSG00000143418_ENST00000271688_LASS2_mRNA,mRNA,4
kshv-miR-K12-1,kshv_microRNA,ENSG00000135679_ENST00000462284_MDM2_mRNA,mRNA,3
kshv-miR-K12-1,kshv_microRNA,ENSG00000144827_ENST00000273359_ABHD10_mRNA,mRNA,3
kshv-miR-K12-1,kshv_microRNA,ENSG00000122359_ENST00000422982_ANXA11_mRNA,mRNA,3
kshv-miR-K12-1,kshv_microRNA,ENSG00000122359_ENST00000265447_ANXA11_mRNA,mRNA,3
kshv-miR-K12-1,kshv_microRNA,ENSG00000122359_ENST00000372234_ANXA11_mRNA,mRNA,3
kshv-miR-K12-1,kshv_microRNA,ENSG00000122359_ENST00000360615_ANXA11_mRNA,mRNA,3
kshv-miR-K12-1,kshv_microRNA,ENSG00000122359_ENST00000372231_ANXA11_mRNA,mRNA,3
kshv-miR-K12-1,kshv_microRNA,ENSG00000122359_ENST00000438331_ANXA11_mRNA,mRNA,3
kshv-miR-K12-1,kshv_microRNA,ENSG00000180398_ENST00000409105_MCFD2_mRNA,mRNA,3
kshv-miR-K12-1,kshv_microRNA,ENSG00000180398_ENST00000319466_MCFD2_mRNA,mRNA,3
kshv-miR-K12-1,kshv_microRNA,ENSG00000180398_ENST00000409913_MCFD2_mRNA,mRNA,3
kshv-miR-K12-1,kshv_microRNA,ENSG00000180398_ENST00000409800_MCFD2_mRNA,mRNA,3
kshv-miR-K12-1,kshv_microRNA,MIMAT0000254_MirBase_miR-10b_microRNA,miRNA,3
kshv-miR-K12-1,kshv_microRNA,ENSG00000134684_ENST00000373477_YARS_mRNA,mRNA,3
kshv-miR-K12-1,kshv_microRNA,ENSG00000196865_ENST00000369301_NHLRC2_mRNA,mRNA,3
kshv-miR-K12-1,kshv_microRNA,ENSG00000126698_ENST00000263697_DNAJC8_mRNA,mRNA,3
kshv-miR-K12-1,kshv_microRNA,ENSG00000187555_ENST00000344836_USP7_mRNA,mRNA,3
kshv-miR-K12-1,kshv_microRNA,ENSG00000240155_ENST00000482877_AC114498-1_pseudo,pseudogene,3
kshv-miR-K12-1,kshv_microRNA,ENSG00000241780_ENST00000469340_AC025627-7_pseudo,pseudogene,3
kshv-miR-K12-1,kshv_microRNA,MIMAT0000245_MirBase_miR-30d_microRNA,miRNA,3
kshv-miR-K12-1,kshv_microRNA,MIMAT0000062_MirBase_let-7a_microRNA,miRNA,3
kshv-miR-K12-1,kshv_microRNA,ENSG00000140374_ENST00000267950_ETFA_mRNA,mRNA,2
kshv-miR-K12-1,kshv_microRNA,ENSG00000139793_ENST00000345429_MBNL2_mRNA,mRNA,2
kshv-miR-K12-1,kshv_microRNA,ENSG00000139793_ENST00000343600_MBNL2_mRNA,mRNA,2
kshv-miR-K12-1,kshv_microRNA,ENSG00000139793_ENST00000397601_MBNL2_mRNA,mRNA,2
kshv-miR-K12-1,kshv_microRNA,ENSG00000100811_ENST00000262238_YY1_mRNA,mRNA,2
kshv-miR-K12-1,kshv_microRNA,MIMAT0004926_MirBase_miR-708_microRNA,miRNA,2
kshv-miR-K12-1,kshv_microRNA,ENSG00000239935_ENST00000489202_AC116340-1_pseudo,pseudogene,2
kshv-miR-K12-1,kshv_microRNA,ENSG00000125484_ENST00000372146_GTF3C4_mRNA,mRNA,2
kshv-miR-K12-1,kshv_microRNA,kshv-miR-K12-9*,kshv_microRNA,2
kshv-miR-K12-1,kshv_microRNA,ENSG00000225889_ENST00000451350_AC074289-1_pr-tr,pr-tr,2
kshv-miR-K12-1,kshv_microRNA,ENSG00000134250_ENST00000256646_NOTCH2_mRNA,mRNA,2
kshv-miR-K12-1,kshv_microRNA,ENSG00000184009_ENST00000331925_ACTG1_mRNA,mRNA,2
kshv-miR-K12-1,kshv_microRNA,ENSG00000105991_ENST00000355633_HOXA1_mRNA,mRNA,2
kshv-miR-K12-1,kshv_microRNA,ENSG00000105991_ENST00000343060_HOXA1_mRNA,mRNA,2
kshv-miR-K12-1,kshv_microRNA,ENSG00000100393_ENST00000263253_EP300_mRNA,mRNA,2
kshv-miR-K12-1,kshv_microRNA,ENSG00000158545_ENST00000301011_ZC3H18_mRNA,mRNA,2
kshv-miR-K12-1,kshv_microRNA,ENSG00000156414_ENST00000409874_TDRD9_mRNA,mRNA,2
kshv-miR-K12-1,kshv_microRNA,ENSG00000141959_ENST00000349048_PFKL_mRNA,mRNA,2
kshv-miR-K12-1,kshv_microRNA,ENSG00000169554_ENST00000409487_ZEB2_mRNA,mRNA,2
kshv-miR-K12-1,kshv_microRNA,ENSG00000169554_ENST00000303660_ZEB2_mRNA,mRNA,2
kshv-miR-K12-1,kshv_microRNA,ENSG00000108055_ENST00000361804_SMC3_mRNA,mRNA,2
kshv-miR-K12-1,kshv_microRNA,ENSG00000148773_ENST00000368653_MKI67_mRNA,mRNA,2
kshv-miR-K12-1,kshv_microRNA,ENSG00000148773_ENST00000368654_MKI67_mRNA,mRNA,2
kshv-miR-K12-1,kshv_microRNA,ENSG00000135535_ENST00000310786_CD164_mRNA,mRNA,2
kshv-miR-K12-1,kshv_microRNA,ENSG00000135535_ENST00000275080_CD164_mRNA,mRNA,2
kshv-miR-K12-1,kshv_microRNA,ENSG00000135535_ENST00000324953_CD164_mRNA,mRNA,2
kshv-miR-K12-1,kshv_microRNA,ENSG00000120889_ENST00000276431_TNFRSF10B_mRNA,mRNA,2
kshv-miR-K12-1,kshv_microRNA,ENSG00000120889_ENST00000347739_TNFRSF10B_mRNA,mRNA,2
kshv-miR-K12-1,kshv_microRNA,ENSG00000185716_ENST00000331057_C16orf52_pr-tr,pr-tr,2
kshv-miR-K12-1,kshv_microRNA,ENSG00000137812_ENST00000346991_CASC5_mRNA,mRNA,2
kshv-miR-K12-1,kshv_microRNA,ENSG00000137812_ENST00000399668_CASC5_mRNA,mRNA,2
kshv-miR-K12-1,kshv_microRNA,ENSG00000243185_ENST00000474870_AC108078-1_pseudo,pseudogene,2
kshv-miR-K12-1,kshv_microRNA,ENSG00000135953_ENST00000258436_MFSD9_mRNA,mRNA,2
kshv-miR-K12-1,kshv_microRNA,ENSG00000073921_ENST00000341783_PICALM_mRNA,mRNA,2
kshv-miR-K12-1,kshv_microRNA,ENSG00000073921_ENST00000454118_PICALM_mRNA,mRNA,2
kshv-miR-K12-1,kshv_microRNA,ENSG00000073921_ENST00000447890_PICALM_mRNA,mRNA,2
kshv-miR-K12-1,kshv_microRNA,ENSG00000073921_ENST00000349405_PICALM_mRNA,mRNA,2
kshv-miR-K12-1,kshv_microRNA,ENSG00000169635_ENST00000302897_HIC2_mRNA,mRNA,2
kshv-miR-K12-1,kshv_microRNA,ENSG00000169635_ENST00000443632_HIC2_mRNA,mRNA,2
kshv-miR-K12-1,kshv_microRNA,ENSG00000169635_ENST00000407464_HIC2_mRNA,mRNA,2
kshv-miR-K12-1,kshv_microRNA,ENSG00000198899_ENST00000361899_MT-ATP6_mRNA,mRNA,2
kshv-miR-K12-1,kshv_microRNA,ENSG00000151090_ENST00000396671_THRB_mRNA,mRNA,2
kshv-miR-K12-1,kshv_microRNA,ENSG00000151090_ENST00000416811_THRB_mRNA,mRNA,2
kshv-miR-K12-1,kshv_microRNA,ENSG00000151090_ENST00000416420_THRB_mRNA,mRNA,2
kshv-miR-K12-1,kshv_microRNA,ENSG00000151090_ENST00000356447_THRB_mRNA,mRNA,2
kshv-miR-K12-1,kshv_microRNA,ENSG00000067225_ENST00000335181_PKM2_mRNA,mRNA,2
kshv-miR-K12-1,kshv_microRNA,ENSG00000067225_ENST00000389093_PKM2_mRNA,mRNA,2
kshv-miR-K12-1,kshv_microRNA,ENSG00000067225_ENST00000419739_PKM2_mRNA,mRNA,2
kshv-miR-K12-1,kshv_microRNA,ENSG00000067225_ENST00000319622_PKM2_mRNA,mRNA,2
kshv-miR-K12-1,kshv_microRNA,ENSG00000061918_ENST00000264424_GUCY1B3_mRNA,mRNA,2
kshv-miR-K12-1,kshv_microRNA,ENSG00000135069_ENST00000347159_PSAT1_mRNA,mRNA,2
kshv-miR-K12-1,kshv_microRNA,ENSG00000135069_ENST00000376588_PSAT1_mRNA,mRNA,2
kshv-miR-K12-1,kshv_microRNA,ENSG00000135069_ENST00000421149_PSAT1_mRNA,mRNA,2
kshv-miR-K12-1,kshv_microRNA,ENSG00000063587_ENST00000436664_ZNF275_mRNA,mRNA,2
kshv-miR-K12-1,kshv_microRNA,ENSG00000024422_ENST00000263277_EHD2_mRNA,mRNA,2
kshv-miR-K12-1,kshv_microRNA,ENSG00000135956_ENST00000258439_TMEM127_mRNA,mRNA,2
kshv-miR-K12-1,kshv_microRNA,ENSG00000242503_ENST00000481774_AL158819-4_pseudo,pseudogene,2
kshv-miR-K12-1,kshv_microRNA,ENSG00000175130_ENST00000329421_MARCKSL1_mRNA,mRNA,2
kshv-miR-K12-1,kshv_microRNA,MIMAT0000227_MirBase_miR-197_microRNA,miRNA,2
kshv-miR-K12-1,kshv_microRNA,ENSG00000102910_ENST00000285737_LONP2_mRNA,mRNA,2
kshv-miR-K12-1,kshv_microRNA,ENSG00000080493_ENST00000425175_SLC4A4_mRNA,mRNA,2
kshv-miR-K12-1,kshv_microRNA,ENSG00000080493_ENST00000340595_SLC4A4_mRNA,mRNA,2
kshv-miR-K12-1,kshv_microRNA,ENSG00000080493_ENST00000264485_SLC4A4_mRNA,mRNA,2
kshv-miR-K12-1,kshv_microRNA,ENSG00000056586_ENST00000423239_RC3H2_mRNA,mRNA,2
kshv-miR-K12-1,kshv_microRNA,ENSG00000056586_ENST00000357244_RC3H2_mRNA,mRNA,2
kshv-miR-K12-1,kshv_microRNA,ENSG00000056586_ENST00000373670_RC3H2_mRNA,mRNA,2
kshv-miR-K12-1,kshv_microRNA,ENSG00000130340_ENST00000392185_SNX9_mRNA,mRNA,2
kshv-miR-K12-1,kshv_microRNA,ENSG00000180667_ENST00000315927_YOD1_mRNA,mRNA,2
kshv-miR-K12-1,kshv_microRNA,MIMAT0003239_MirBase_miR-574-3p_microRNA,miRNA,2
kshv-miR-K12-1,kshv_microRNA,MIMAT0000692_MirBase_miR-30e_microRNA,miRNA,2
kshv-miR-K12-1,kshv_microRNA,ENSG00000244284_ENST00000496317_AC021451-2_pseudo,pseudogene,2
kshv-miR-K12-1,kshv_microRNA,ENSG00000239326_ENST00000495057_AL161450-1_pseudo,pseudogene,2
kshv-miR-K12-1,kshv_microRNA,ENSG00000242517_ENST00000498581_AC018607-1_pseudo,pseudogene,1
kshv-miR-K12-1,kshv_microRNA,ENSG00000013619_ENST00000370401_MAMLD1_mRNA,mRNA,1
kshv-miR-K12-1,kshv_microRNA,ENSG00000013619_ENST00000432680_MAMLD1_mRNA,mRNA,1
kshv-miR-K12-1,kshv_microRNA,ENSG00000013619_ENST00000262858_MAMLD1_mRNA,mRNA,1
kshv-miR-K12-1,kshv_microRNA,ENSG00000112290_ENST00000359451_WASF1_mRNA,mRNA,1
kshv-miR-K12-1,kshv_microRNA,ENSG00000112290_ENST00000392589_WASF1_mRNA,mRNA,1
kshv-miR-K12-1,kshv_microRNA,ENSG00000112290_ENST00000392586_WASF1_mRNA,mRNA,1
kshv-miR-K12-1,kshv_microRNA,ENSG00000112290_ENST00000392588_WASF1_mRNA,mRNA,1
kshv-miR-K12-1,kshv_microRNA,ENSG00000112290_ENST00000392587_WASF1_mRNA,mRNA,1
kshv-miR-K12-1,kshv_microRNA,ENSG00000102024_ENST00000355899_PLS3_mRNA,mRNA,1
kshv-miR-K12-1,kshv_microRNA,ENSG00000102024_ENST00000420625_PLS3_mRNA,mRNA,1
kshv-miR-K12-1,kshv_microRNA,ENSG00000135336_ENST00000257789_ORC3L_mRNA,mRNA,1
kshv-miR-K12-1,kshv_microRNA,ENSG00000135336_ENST00000392844_ORC3L_mRNA,mRNA,1
kshv-miR-K12-1,kshv_microRNA,ENSG00000006607_ENST00000264042_FARP2_mRNA,mRNA,1
kshv-miR-K12-1,kshv_microRNA,ENSG00000172845_ENST00000418194_SP3_mRNA,mRNA,1
kshv-miR-K12-1,kshv_microRNA,ENSG00000172845_ENST00000310015_SP3_mRNA,mRNA,1
kshv-miR-K12-1,kshv_microRNA,MIMAT0000510_MirBase_miR-320a_microRNA,miRNA,1
kshv-miR-K12-1,kshv_microRNA,MIMAT0000459_MirBase_miR-193a-3p_microRNA,miRNA,1
kshv-miR-K12-1,kshv_microRNA,ENSG00000166200_ENST00000299259_COPS2_mRNA,mRNA,1
kshv-miR-K12-1,kshv_microRNA,ENSG00000166200_ENST00000388901_COPS2_mRNA,mRNA,1
kshv-miR-K12-1,kshv_microRNA,ENSG00000169139_ENST00000523111_UBE2V2_mRNA,mRNA,1
kshv-miR-K12-1,kshv_microRNA,ENSG00000156011_ENST00000327040_PSD3_mRNA,mRNA,1
kshv-miR-K12-1,kshv_microRNA,ENSG00000156011_ENST00000286485_PSD3_mRNA,mRNA,1
kshv-miR-K12-1,kshv_microRNA,MIMAT0004597_MirBase_miR-140-3p_microRNA,miRNA,1
kshv-miR-K12-1,kshv_microRNA,ENSG00000148840_ENST00000278070_PPRC1_mRNA,mRNA,1
kshv-miR-K12-1,kshv_microRNA,ENSG00000087086_ENST00000331825_FTL_mRNA,mRNA,1
kshv-miR-K12-1,kshv_microRNA,ENSG00000101333_ENST00000278655_PLCB4_mRNA,mRNA,1
kshv-miR-K12-1,kshv_microRNA,ENSG00000101333_ENST00000378501_PLCB4_mRNA,mRNA,1
kshv-miR-K12-1,kshv_microRNA,ENSG00000101333_ENST00000334005_PLCB4_mRNA,mRNA,1
kshv-miR-K12-1,kshv_microRNA,ENSG00000101333_ENST00000378493_PLCB4_mRNA,mRNA,1
kshv-miR-K12-1,kshv_microRNA,ENSG00000186834_ENST00000332499_HEXIM1_mRNA,mRNA,1
kshv-miR-K12-1,kshv_microRNA,ENSG00000239843_ENST00000482884_AC004866-1_pseudo,pseudogene,1
kshv-miR-K12-1,kshv_microRNA,ENSG00000134369_ENST00000367296_NAV1_mRNA,mRNA,1
kshv-miR-K12-1,kshv_microRNA,ENSG00000134369_ENST00000367295_NAV1_mRNA,mRNA,1
kshv-miR-K12-1,kshv_microRNA,MIMAT0000418_MirBase_miR-23b_microRNA,miRNA,1
kshv-miR-K12-1,kshv_microRNA,ENSG00000169241_ENST00000368401_RAG1AP1_mRNA,mRNA,1
kshv-miR-K12-1,kshv_microRNA,ENSG00000248481_ENST00000509693_AC011476-1_lincRNA,lincRNA,1
kshv-miR-K12-1,kshv_microRNA,ENSG00000169241_ENST00000368404_RAG1AP1_mRNA,mRNA,1
kshv-miR-K12-1,kshv_microRNA,ENSG00000169241_ENST00000303343_RAG1AP1_mRNA,mRNA,1
kshv-miR-K12-1,kshv_microRNA,ENSG00000198346_ENST00000396403_ZNF813_mRNA,mRNA,1
kshv-miR-K12-1,kshv_microRNA,ENSG00000089157_ENST00000228306_RPLP0_mRNA,mRNA,1
kshv-miR-K12-1,kshv_microRNA,ENSG00000089157_ENST00000392514_RPLP0_mRNA,mRNA,1
kshv-miR-K12-1,kshv_microRNA,ENSG00000154310_ENST00000436636_TNIK_mRNA,mRNA,1
kshv-miR-K12-1,kshv_microRNA,ENSG00000133997_ENST00000256379_MED6_mRNA,mRNA,1
kshv-miR-K12-1,kshv_microRNA,ENSG00000075420_ENST00000415807_FNDC3B_mRNA,mRNA,1
kshv-miR-K12-1,kshv_microRNA,ENSG00000075420_ENST00000336824_FNDC3B_mRNA,mRNA,1
kshv-miR-K12-1,kshv_microRNA,ENSG00000075420_ENST00000416957_FNDC3B_mRNA,mRNA,1
kshv-miR-K12-1,kshv_microRNA,ENSG00000148248_ENST00000371989_SURF4_mRNA,mRNA,1
kshv-miR-K12-1,kshv_microRNA,ENSG00000075624_ENST00000331789_ACTB_mRNA,mRNA,1
kshv-miR-K12-1,kshv_microRNA,MIMAT0000093_MirBase_miR-93_microRNA,miRNA,1
kshv-miR-K12-1,kshv_microRNA,ENSG00000164111_ENST00000296511_ANXA5_mRNA,mRNA,1
kshv-miR-K12-1,kshv_microRNA,ENSG00000092036_ENST00000342454_HAUS4_mRNA,mRNA,1
kshv-miR-K12-1,kshv_microRNA,ENSG00000092036_ENST00000206474_HAUS4_mRNA,mRNA,1
kshv-miR-K12-1,kshv_microRNA,ENSG00000133816_ENST00000256194_MICAL2_mRNA,mRNA,1
kshv-miR-K12-1,kshv_microRNA,ENSG00000085662_ENST00000285930_AKR1B1_mRNA,mRNA,1
kshv-miR-K12-1,kshv_microRNA,ENSG00000242240_ENST00000486381_AC073869-14_pseudo,pseudogene,1
kshv-miR-K12-1,kshv_microRNA,ENSG_ENST_chr2-trna11-GlnTTG_tRNA,tRNA,1
kshv-miR-K12-1,kshv_microRNA,ENSG_ENST_chr2-trna22-GlnTTG_tRNA,tRNA,1
kshv-miR-K12-1,kshv_microRNA,ENSG00000071082_ENST00000409320_RPL31_mRNA,mRNA,1
kshv-miR-K12-1,kshv_microRNA,ENSG00000071082_ENST00000409028_RPL31_mRNA,mRNA,1
kshv-miR-K12-1,kshv_microRNA,ENSG00000071082_ENST00000409733_RPL31_mRNA,mRNA,1
kshv-miR-K12-1,kshv_microRNA,ENSG00000071082_ENST00000264258_RPL31_mRNA,mRNA,1
kshv-miR-K12-1,kshv_microRNA,ENSG00000182944_ENST00000332035_EWSR1_mRNA,mRNA,1
kshv-miR-K12-1,kshv_microRNA,ENSG00000182944_ENST00000406548_EWSR1_mRNA,mRNA,1
kshv-miR-K12-1,kshv_microRNA,ENSG00000182944_ENST00000414183_EWSR1_mRNA,mRNA,1
kshv-miR-K12-1,kshv_microRNA,ENSG00000182944_ENST00000397938_EWSR1_mRNA,mRNA,1
kshv-miR-K12-1,kshv_microRNA,ENSG00000182944_ENST00000333395_EWSR1_mRNA,mRNA,1
kshv-miR-K12-1,kshv_microRNA,ENSG00000148337_ENST00000393608_CIZ1_mRNA,mRNA,1
kshv-miR-K12-1,kshv_microRNA,ENSG00000148337_ENST00000372938_CIZ1_mRNA,mRNA,1
kshv-miR-K12-1,kshv_microRNA,ENSG00000148337_ENST00000372948_CIZ1_mRNA,mRNA,1
kshv-miR-K12-1,kshv_microRNA,ENSG00000148337_ENST00000372954_CIZ1_mRNA,mRNA,1
kshv-miR-K12-1,kshv_microRNA,ENSG00000142875_ENST00000370685_PRKACB_mRNA,mRNA,1
kshv-miR-K12-1,kshv_microRNA,ENSG00000142875_ENST00000370689_PRKACB_mRNA,mRNA,1
kshv-miR-K12-1,kshv_microRNA,ENSG00000244466_ENST00000465918_AC015845-2_pseudo,pseudogene,1
kshv-miR-K12-1,kshv_microRNA,ENSG00000163950_ENST00000489418_SLBP_mRNA,mRNA,1
kshv-miR-K12-1,kshv_microRNA,ENSG00000131747_ENST00000423485_TOP2A_mRNA,mRNA,1
kshv-miR-K12-1,kshv_microRNA,ENSG00000177954_ENST00000368567_RPS27_mRNA,mRNA,1
kshv-miR-K12-1,kshv_microRNA,ENSG00000113361_ENST00000265071_CDH6_mRNA,mRNA,1
kshv-miR-K12-1,kshv_microRNA,ENSG00000167552_ENST00000301071_TUBA1A_mRNA,mRNA,1
kshv-miR-K12-1,kshv_microRNA,ENSG00000123416_ENST00000336023_TUBA1B_mRNA,mRNA,1
kshv-miR-K12-1,kshv_microRNA,ENSG00000131558_ENST00000253861_EXOC4_mRNA,mRNA,1
kshv-miR-K12-1,kshv_microRNA,ENSG00000131558_ENST00000393161_EXOC4_mRNA,mRNA,1
kshv-miR-K12-1,kshv_microRNA,ENSG00000137962_ENST00000260526_ARHGAP29_mRNA,mRNA,1
kshv-miR-K12-1,kshv_microRNA,ENSG00000102053_ENST00000423889_ZC3H12B_mRNA,mRNA,1
kshv-miR-K12-1,kshv_microRNA,ENSG00000198642_ENST00000359039_KLHL9_mRNA,mRNA,1
kshv-miR-K12-1,kshv_microRNA,ENSG00000077063_ENST00000160373_CTTNBP2_mRNA,mRNA,1
kshv-miR-K12-1,kshv_microRNA,ENSG00000156983_ENST00000383829_BRPF1_mRNA,mRNA,1
kshv-miR-K12-1,kshv_microRNA,ENSG00000156983_ENST00000302054_BRPF1_mRNA,mRNA,1
kshv-miR-K12-1,kshv_microRNA,ENSG00000165138_ENST00000353234_ANKS6_mRNA,mRNA,1
kshv-miR-K12-1,kshv_microRNA,ENSG00000175216_ENST00000354558_CKAP5_mRNA,mRNA,1
kshv-miR-K12-1,kshv_microRNA,ENSG00000175216_ENST00000312055_CKAP5_mRNA,mRNA,1
kshv-miR-K12-1,kshv_microRNA,ENSG00000119231_ENST00000323460_SENP5_mRNA,mRNA,1
kshv-miR-K12-1,kshv_microRNA,ENSG00000138642_ENST00000264346_HERC6_mRNA,mRNA,1
kshv-miR-K12-1,kshv_microRNA,ENSG00000188827_ENST00000294008_BTBD12_mRNA,mRNA,1
kshv-miR-K12-1,kshv_microRNA,ENSG00000153989_ENST00000368494_NUS1_mRNA,mRNA,1
kshv-miR-K12-1,kshv_microRNA,ENSG00000163625_ENST00000295888_WDFY3_mRNA,mRNA,1
kshv-miR-K12-1,kshv_microRNA,ENSG00000054267_ENST00000264183_ARID4B_mRNA,mRNA,1
kshv-miR-K12-1,kshv_microRNA,ENSG00000054267_ENST00000366603_ARID4B_mRNA,mRNA,1
kshv-miR-K12-1,kshv_microRNA,ENSG00000054267_ENST00000349213_ARID4B_mRNA,mRNA,1
kshv-miR-K12-1,kshv_microRNA,ENSG00000099194_ENST00000370355_SCD_mRNA,mRNA,1
kshv-miR-K12-1,kshv_microRNA,ENSG00000116260_ENST00000367602_QSOX1_mRNA,mRNA,1
kshv-miR-K12-1,kshv_microRNA,ENSG00000241376_ENST00000492060_AL606830-1_pseudo,pseudogene,1
kshv-miR-K12-1,kshv_microRNA,ENSG00000100722_ENST00000393514_ZC3H14_mRNA,mRNA,1
kshv-miR-K12-1,kshv_microRNA,ENSG00000100722_ENST00000336693_ZC3H14_mRNA,mRNA,1
kshv-miR-K12-1,kshv_microRNA,ENSG00000100722_ENST00000302216_ZC3H14_mRNA,mRNA,1
kshv-miR-K12-1,kshv_microRNA,ENSG00000100722_ENST00000251038_ZC3H14_mRNA,mRNA,1
kshv-miR-K12-1,kshv_microRNA,ENSG00000100722_ENST00000318308_ZC3H14_mRNA,mRNA,1
kshv-miR-K12-1,kshv_microRNA,ENSG00000100722_ENST00000359301_ZC3H14_mRNA,mRNA,1
kshv-miR-K12-1,kshv_microRNA,ENSG00000157741_ENST00000473989_UBN2_mRNA,mRNA,1
kshv-miR-K12-1,kshv_microRNA,ENSG00000198408_ENST00000439817_MGEA5_mRNA,mRNA,1
kshv-miR-K12-1,kshv_microRNA,ENSG00000198408_ENST00000361464_MGEA5_mRNA,mRNA,1
kshv-miR-K12-1,kshv_microRNA,ENSG00000120685_ENST00000352251_C13orf23_mRNA,mRNA,1
kshv-miR-K12-1,kshv_microRNA,ENSG00000120685_ENST00000350125_C13orf23_mRNA,mRNA,1
kshv-miR-K12-1,kshv_microRNA,ENSG00000169398_ENST00000521059_PTK2_mRNA,mRNA,1
kshv-miR-K12-1,kshv_microRNA,ENSG00000169398_ENST00000395223_PTK2_mRNA,mRNA,1
kshv-miR-K12-1,kshv_microRNA,ENSG00000169398_ENST00000517887_PTK2_mRNA,mRNA,1
kshv-miR-K12-1,kshv_microRNA,ENSG00000169398_ENST00000522684_PTK2_mRNA,mRNA,1
kshv-miR-K12-1,kshv_microRNA,ENSG00000169398_ENST00000519419_PTK2_mRNA,mRNA,1
kshv-miR-K12-1,kshv_microRNA,ENSG00000027001_ENST00000382172_MIPEP_mRNA,mRNA,1
kshv-miR-K12-1,kshv_microRNA,ENSG00000132670_ENST00000216877_PTPRA_mRNA,mRNA,1
kshv-miR-K12-1,kshv_microRNA,ENSG00000132670_ENST00000399903_PTPRA_mRNA,mRNA,1
kshv-miR-K12-1,kshv_microRNA,ENSG00000132670_ENST00000380393_PTPRA_mRNA,mRNA,1
kshv-miR-K12-1,kshv_microRNA,ENSG00000132670_ENST00000318266_PTPRA_mRNA,mRNA,1
kshv-miR-K12-1,kshv_microRNA,ENSG00000005339_ENST00000262367_CREBBP_mRNA,mRNA,1
kshv-miR-K12-1,kshv_microRNA,ENSG00000005339_ENST00000382070_CREBBP_mRNA,mRNA,1
kshv-miR-K12-1,kshv_microRNA,ENSG00000173065_ENST00000452648_C17orf63_mRNA,mRNA,1
kshv-miR-K12-1,kshv_microRNA,ENSG00000173065_ENST00000341217_C17orf63_mRNA,mRNA,1
kshv-miR-K12-1,kshv_microRNA,ENSG00000136108_ENST00000378037_CKAP2_mRNA,mRNA,1
kshv-miR-K12-1,kshv_microRNA,ENSG00000136108_ENST00000258607_CKAP2_mRNA,mRNA,1
kshv-miR-K12-1,kshv_microRNA,ENSG00000088986_ENST00000242577_DYNLL1_mRNA,mRNA,1
kshv-miR-K12-1,kshv_microRNA,ENSG00000088986_ENST00000392509_DYNLL1_mRNA,mRNA,1
kshv-miR-K12-1,kshv_microRNA,ENSG00000088986_ENST00000392508_DYNLL1_mRNA,mRNA,1
kshv-miR-K12-1,kshv_microRNA,ENSG00000168036_ENST00000396183_CTNNB1_mRNA,mRNA,1
kshv-miR-K12-1,kshv_microRNA,ENSG00000168036_ENST00000405570_CTNNB1_mRNA,mRNA,1
kshv-miR-K12-1,kshv_microRNA,ENSG00000168036_ENST00000349496_CTNNB1_mRNA,mRNA,1
kshv-miR-K12-1,kshv_microRNA,ENSG00000168036_ENST00000396185_CTNNB1_mRNA,mRNA,1
kshv-miR-K12-1,kshv_microRNA,ENSG00000038427_ENST00000348134_VCAN_mRNA,mRNA,1
kshv-miR-K12-1,kshv_microRNA,ENSG00000038427_ENST00000343200_VCAN_mRNA,mRNA,1
kshv-miR-K12-1,kshv_microRNA,ENSG00000038427_ENST00000342785_VCAN_mRNA,mRNA,1
kshv-miR-K12-1,kshv_microRNA,ENSG00000038427_ENST00000265077_VCAN_mRNA,mRNA,1
kshv-miR-K12-1,kshv_microRNA,ENSG00000145555_ENST00000513610_MYO10_mRNA,mRNA,1
kshv-miR-K12-1,kshv_microRNA,ENSG00000076242_ENST00000455445_MLH1_mRNA,mRNA,1
kshv-miR-K12-1,kshv_microRNA,ENSG00000076242_ENST00000231790_MLH1_mRNA,mRNA,1
kshv-miR-K12-1,kshv_microRNA,ENSG00000076242_ENST00000458205_MLH1_mRNA,mRNA,1
kshv-miR-K12-1,kshv_microRNA,ENSG00000076242_ENST00000435176_MLH1_mRNA,mRNA,1
kshv-miR-K12-1,kshv_microRNA,ENSG00000101444_ENST00000217426_AHCY_mRNA,mRNA,1
kshv-miR-K12-1,kshv_microRNA,ENSG00000175166_ENST00000310118_PSMD2_mRNA,mRNA,1
kshv-miR-K12-1,kshv_microRNA,ENSG00000180316_ENST00000394571_PNPLA1_mRNA,mRNA,1
kshv-miR-K12-1,kshv_microRNA,ENSG00000180316_ENST00000388715_PNPLA1_mRNA,mRNA,1
kshv-miR-K12-1,kshv_microRNA,ENSG00000173821_ENST00000508628_RNF213_mRNA,mRNA,1
kshv-miR-K12-1,kshv_microRNA,ENSG00000104695_ENST00000406655_PPP2CB_mRNA,mRNA,1
kshv-miR-K12-1,kshv_microRNA,ENSG00000104695_ENST00000397308_PPP2CB_mRNA,mRNA,1
kshv-miR-K12-1,kshv_microRNA,ENSG00000104695_ENST00000221138_PPP2CB_mRNA,mRNA,1
kshv-miR-K12-1,kshv_microRNA,ENSG00000165659_ENST00000354591_DACH1_mRNA,mRNA,1
kshv-miR-K12-1,kshv_microRNA,ENSG00000165659_ENST00000313174_DACH1_mRNA,mRNA,1
kshv-miR-K12-1,kshv_microRNA,ENSG00000165659_ENST00000305425_DACH1_mRNA,mRNA,1
kshv-miR-K12-1,kshv_microRNA,ENSG00000107929_ENST00000316157_LARP4B_mRNA,mRNA,1
kshv-miR-K12-1,kshv_microRNA,ENSG00000197568_ENST00000359875_HHLA3_mRNA,mRNA,1
kshv-miR-K12-1,kshv_microRNA,ENSG00000250689_ENST00000511462_AC005307-1_lincRNA,lincRNA,1
kshv-miR-K12-1,kshv_microRNA,ENSG00000197568_ENST00000361764_HHLA3_mRNA,mRNA,1
kshv-miR-K12-1,kshv_microRNA,ENSG00000197568_ENST00000370940_HHLA3_mRNA,mRNA,1
kshv-miR-K12-1,kshv_microRNA,ENSG00000151465_ENST00000281141_CDC123_mRNA,mRNA,1
kshv-miR-K12-1,kshv_microRNA,ENSG00000242932_ENST00000495608_AC022716-1_pseudo,pseudogene,1
kshv-miR-K12-1,kshv_microRNA,ENSG00000196975_ENST00000394295_ANXA4_mRNA,mRNA,1
kshv-miR-K12-1,kshv_microRNA,ENSG00000114867_ENST00000424196_EIF4G1_mRNA,mRNA,1
kshv-miR-K12-1,kshv_microRNA,ENSG00000114867_ENST00000319274_EIF4G1_mRNA,mRNA,1
kshv-miR-K12-1,kshv_microRNA,ENSG00000114867_ENST00000342981_EIF4G1_mRNA,mRNA,1
kshv-miR-K12-1,kshv_microRNA,ENSG00000114867_ENST00000382330_EIF4G1_mRNA,mRNA,1
kshv-miR-K12-1,kshv_microRNA,ENSG00000114867_ENST00000434841_EIF4G1_mRNA,mRNA,1
kshv-miR-K12-1,kshv_microRNA,ENSG00000114867_ENST00000392534_EIF4G1_mRNA,mRNA,1
kshv-miR-K12-1,kshv_microRNA,ENSG00000114867_ENST00000346169_EIF4G1_mRNA,mRNA,1
kshv-miR-K12-1,kshv_microRNA,ENSG00000114867_ENST00000427845_EIF4G1_mRNA,mRNA,1
kshv-miR-K12-1,kshv_microRNA,ENSG00000114867_ENST00000414031_EIF4G1_mRNA,mRNA,1
kshv-miR-K12-1,kshv_microRNA,MIMAT0000070_MirBase_miR-17_microRNA,miRNA,1
kshv-miR-K12-1,kshv_microRNA,ENSG00000182481_ENST00000330459_KPNA2_mRNA,mRNA,1
kshv-miR-K12-1,kshv_microRNA,ENSG00000138802_ENST00000265175_SEC24B_mRNA,mRNA,1
kshv-miR-K12-1,kshv_microRNA,ENSG00000138802_ENST00000399100_SEC24B_mRNA,mRNA,1
kshv-miR-K12-1,kshv_microRNA,ENSG00000105926_ENST00000222644_MPP6_mRNA,mRNA,1
kshv-miR-K12-1,kshv_microRNA,ENSG00000105926_ENST00000396475_MPP6_mRNA,mRNA,1
kshv-miR-K12-1,kshv_microRNA,ENSG00000168502_ENST00000400050_KIAA0802_mRNA,mRNA,1
kshv-miR-K12-1,kshv_microRNA,ENSG00000168502_ENST00000359865_KIAA0802_mRNA,mRNA,1
kshv-miR-K12-1,kshv_microRNA,ENSG00000068793_ENST00000435939_CYFIP1_mRNA,mRNA,1
kshv-miR-K12-1,kshv_microRNA,ENSG00000068793_ENST00000313077_CYFIP1_mRNA,mRNA,1
kshv-miR-K12-1,kshv_microRNA,ENSG00000186566_ENST00000335500_GPATCH8_mRNA,mRNA,1
kshv-miR-K12-1,kshv_microRNA,ENSG00000079974_ENST00000354869_RABL2B_mRNA,mRNA,1
kshv-miR-K12-1,kshv_microRNA,ENSG00000079974_ENST00000356653_RABL2B_mRNA,mRNA,1
kshv-miR-K12-1,kshv_microRNA,ENSG00000144134_ENST00000393166_RABL2A_mRNA,mRNA,1
kshv-miR-K12-1,kshv_microRNA,ENSG00000079974_ENST00000456557_RABL2B_mRNA,mRNA,1
kshv-miR-K12-1,kshv_microRNA,ENSG00000079974_ENST00000395595_RABL2B_mRNA,mRNA,1
kshv-miR-K12-1,kshv_microRNA,ENSG00000144134_ENST00000393167_RABL2A_mRNA,mRNA,1
kshv-miR-K12-1,kshv_microRNA,ENSG00000079974_ENST00000395593_RABL2B_mRNA,mRNA,1
kshv-miR-K12-1,kshv_microRNA,ENSG00000079974_ENST00000435118_RABL2B_mRNA,mRNA,1
kshv-miR-K12-1,kshv_microRNA,ENSG00000079974_ENST00000395598_RABL2B_mRNA,mRNA,1
kshv-miR-K12-1,kshv_microRNA,ENSG00000175826_ENST00000318988_DULLARD_mRNA,mRNA,1
kshv-miR-K12-1,kshv_microRNA,ENSG00000175826_ENST00000380825_DULLARD_mRNA,mRNA,1
kshv-miR-K12-1,kshv_microRNA,ENSG00000147676_ENST00000276681_MAL2_pr-tr,pr-tr,1
kshv-miR-K12-1,kshv_microRNA,ENSG00000147676_ENST00000521748_MAL2_pr-tr,pr-tr,1
kshv-miR-K12-1,kshv_microRNA,ENSG00000070614_ENST00000261797_NDST1_mRNA,mRNA,1
kshv-miR-K12-1,kshv_microRNA,ENSG00000182378_ENST00000399012_PLCXD1_mRNA,mRNA,1
kshv-miR-K12-1,kshv_microRNA,ENSG00000182378_ENST00000381657_PLCXD1_mRNA,mRNA,1
kshv-miR-K12-1,kshv_microRNA,ENSG00000112531_ENST00000361752_QKI_mRNA,mRNA,1
kshv-miR-K12-1,kshv_microRNA,ENSG00000162105_ENST00000423696_SHANK2_mRNA,mRNA,1
kshv-miR-K12-1,kshv_microRNA,ENSG00000162105_ENST00000449833_SHANK2_mRNA,mRNA,1
kshv-miR-K12-1,kshv_microRNA,ENSG00000136295_ENST00000258796_TTYH3_mRNA,mRNA,1
kshv-miR-K12-1,kshv_microRNA,ENSG00000110906_ENST00000228495_KCTD10_mRNA,mRNA,1
kshv-miR-K12-1,kshv_microRNA,ENSG00000109381_ENST00000358635_ELF2_mRNA,mRNA,1
kshv-miR-K12-1,kshv_microRNA,ENSG00000109381_ENST00000394235_ELF2_mRNA,mRNA,1
kshv-miR-K12-1,kshv_microRNA,ENSG00000165118_ENST00000376344_C9orf64_mRNA,mRNA,1
kshv-miR-K12-1,kshv_microRNA,ENSG00000103404_ENST00000219689_USP31_mRNA,mRNA,1
kshv-miR-K12-1,kshv_microRNA,ENSG00000128607_ENST00000335420_KLHDC10_mRNA,mRNA,1
kshv-miR-K12-1,kshv_microRNA,ENSG00000196220_ENST00000383836_SRGAP3_mRNA,mRNA,1
kshv-miR-K12-1,kshv_microRNA,ENSG00000241728_ENST00000444409_AP001062-8_pr-tr,pr-tr,1
kshv-miR-K12-1,kshv_microRNA,ENSG00000160226_ENST00000339818_C21orf2_mRNA,mRNA,1
kshv-miR-K12-1,kshv_microRNA,ENSG00000196220_ENST00000360413_SRGAP3_mRNA,mRNA,1
kshv-miR-K12-1,kshv_microRNA,ENSG00000108671_ENST00000261712_PSMD11_mRNA,mRNA,1
kshv-miR-K12-1,kshv_microRNA,ENSG00000166747_ENST00000299980_AP1G1_mRNA,mRNA,1
kshv-miR-K12-1,kshv_microRNA,ENSG00000166747_ENST00000423132_AP1G1_mRNA,mRNA,1
kshv-miR-K12-1,kshv_microRNA,ENSG00000166747_ENST00000393512_AP1G1_mRNA,mRNA,1
kshv-miR-K12-1,kshv_microRNA,ENSG00000142599_ENST00000400908_RERE_mRNA,mRNA,1
kshv-miR-K12-1,kshv_microRNA,ENSG00000142599_ENST00000377464_RERE_mRNA,mRNA,1
kshv-miR-K12-1,kshv_microRNA,ENSG00000142599_ENST00000440864_RERE_mRNA,mRNA,1
kshv-miR-K12-1,kshv_microRNA,ENSG00000142599_ENST00000337907_RERE_mRNA,mRNA,1
kshv-miR-K12-1,kshv_microRNA,ENSG00000142599_ENST00000476556_RERE_mRNA,mRNA,1
kshv-miR-K12-1,kshv_microRNA,ENSG00000108298_ENST00000225430_RPL19_mRNA,mRNA,1
kshv-miR-K12-1,kshv_microRNA,ENSG00000179222_ENST00000326587_MAGED1_mRNA,mRNA,1
kshv-miR-K12-1,kshv_microRNA,ENSG00000179222_ENST00000375695_MAGED1_mRNA,mRNA,1
kshv-miR-K12-1,kshv_microRNA,ENSG00000179222_ENST00000375722_MAGED1_mRNA,mRNA,1
kshv-miR-K12-1,kshv_microRNA,ENSG00000179222_ENST00000375772_MAGED1_mRNA,mRNA,1
kshv-miR-K12-1,kshv_microRNA,ENSG00000135956_ENST00000432959_TMEM127_mRNA,mRNA,1
kshv-miR-K12-1,kshv_microRNA,ENSG00000117500_ENST00000370282_TMED5_mRNA,mRNA,1
kshv-miR-K12-1,kshv_microRNA,ENSG00000146963_ENST00000354926_LUC7L2_mRNA,mRNA,1
kshv-miR-K12-1,kshv_microRNA,ENSG00000167881_ENST00000307877_SRP68_mRNA,mRNA,1
kshv-miR-K12-1,kshv_microRNA,ENSG00000025800_ENST00000373625_KPNA6_mRNA,mRNA,1
kshv-miR-K12-1,kshv_microRNA,ENSG00000149639_ENST00000456801_C20orf117_mRNA,mRNA,1
kshv-miR-K12-1,kshv_microRNA,ENSG00000149639_ENST00000237536_C20orf117_mRNA,mRNA,1
kshv-miR-K12-1,kshv_microRNA,ENSG00000198954_ENST00000361983_KIAA1279_mRNA,mRNA,1
kshv-miR-K12-1,kshv_microRNA,ENSG00000061676_ENST00000361354_NCKAP1_mRNA,mRNA,1
kshv-miR-K12-1,kshv_microRNA,ENSG00000061676_ENST00000360982_NCKAP1_mRNA,mRNA,1
kshv-miR-K12-1,kshv_microRNA,ENSG00000243163_ENST00000470405_AL353147-3_pseudo,pseudogene,1
kshv-miR-K12-1,kshv_microRNA,ENSG00000143126_ENST00000271332_CELSR2_mRNA,mRNA,1
kshv-miR-K12-1,kshv_microRNA,ENSG00000100354_ENST00000454349_TNRC6B_mRNA,mRNA,1
kshv-miR-K12-1,kshv_microRNA,ENSG00000100354_ENST00000335727_TNRC6B_mRNA,mRNA,1
kshv-miR-K12-1,kshv_microRNA,ENSG00000120129_ENST00000239223_DUSP1_mRNA,mRNA,1
kshv-miR-K12-1,kshv_microRNA,ENSG00000104331_ENST00000262644_IMPAD1_mRNA,mRNA,1
kshv-miR-K12-1,kshv_microRNA,ENSG00000241127_ENST00000223273_C7orf36_mRNA,mRNA,1
kshv-miR-K12-1,kshv_microRNA,ENSG00000152061_ENST00000251507_RABGAP1L_mRNA,mRNA,1
kshv-miR-K12-1,kshv_microRNA,ENSG00000005884_ENST00000007722_ITGA3_mRNA,mRNA,1
kshv-miR-K12-1,kshv_microRNA,ENSG00000005884_ENST00000320031_ITGA3_mRNA,mRNA,1
kshv-miR-K12-1,kshv_microRNA,ENSG00000096070_ENST00000357641_BRPF3_mRNA,mRNA,1
kshv-miR-K12-1,kshv_microRNA,ENSG00000087274_ENST00000513328_ADD1_mRNA,mRNA,1
kshv-miR-K12-1,kshv_microRNA,ENSG00000087274_ENST00000446856_ADD1_mRNA,mRNA,1
kshv-miR-K12-1,kshv_microRNA,ENSG00000087274_ENST00000398129_ADD1_mRNA,mRNA,1
kshv-miR-K12-1,kshv_microRNA,ENSG00000087274_ENST00000398125_ADD1_mRNA,mRNA,1
kshv-miR-K12-1,kshv_microRNA,ENSG00000087274_ENST00000264758_ADD1_mRNA,mRNA,1
kshv-miR-K12-1,kshv_microRNA,ENSG00000198743_ENST00000381151_SLC5A3_mRNA,mRNA,1
kshv-miR-K12-1,kshv_microRNA,ENSG00000133985_ENST00000256367_TTC9_mRNA,mRNA,1
kshv-miR-K12-1,kshv_microRNA,ENSG00000123595_ENST00000464506_RAB9A_mRNA,mRNA,1
kshv-miR-K12-1,kshv_microRNA,ENSG00000167978_ENST00000301740_SRRM2_mRNA,mRNA,1
kshv-miR-K12-1,kshv_microRNA,ENSG00000114999_ENST00000233336_TTL_mRNA,mRNA,1
kshv-miR-K12-1,kshv_microRNA,ENSG00000128973_ENST00000249806_CLN6_mRNA,mRNA,1
kshv-miR-K12-1,kshv_microRNA,ENSG00000146223_ENST00000304734_RPL7L1_mRNA,mRNA,1
kshv-miR-K12-1,kshv_microRNA,ENSG00000146223_ENST00000493763_RPL7L1_mRNA,mRNA,1
kshv-miR-K12-1,kshv_microRNA,ENSG00000026025_ENST00000224237_VIM_mRNA,mRNA,1
kshv-miR-K12-1,kshv_microRNA,ENSG00000250702_ENST00000512081_AC007228-1_lincRNA,lincRNA,1
kshv-miR-K12-1,kshv_microRNA,ENSG00000117868_ENST00000251527_ESYT2_mRNA,mRNA,1
kshv-miR-K12-1,kshv_microRNA,ENSG00000140553_ENST00000394275_UNC45A_mRNA,mRNA,1
kshv-miR-K12-1,kshv_microRNA,ENSG00000140553_ENST00000418476_UNC45A_mRNA,mRNA,1
kshv-miR-K12-1,kshv_microRNA,ENSG00000058673_ENST00000332127_ZC3H11A_mRNA,mRNA,1
kshv-miR-K12-1,kshv_microRNA,ENSG00000058673_ENST00000367210_ZC3H11A_mRNA,mRNA,1
kshv-miR-K12-1,kshv_microRNA,ENSG00000058673_ENST00000367214_ZC3H11A_mRNA,mRNA,1
kshv-miR-K12-1,kshv_microRNA,ENSG00000058673_ENST00000367212_ZC3H11A_mRNA,mRNA,1
kshv-miR-K12-1,kshv_microRNA,ENSG00000105216_ENST00000324222_LSM14A_mRNA,mRNA,1
kshv-miR-K12-1,kshv_microRNA,ENSG00000105216_ENST00000356258_LSM14A_mRNA,mRNA,1
kshv-miR-K12-1,kshv_microRNA,ENSG00000185950_ENST00000375856_IRS2_mRNA,mRNA,1
kshv-miR-K12-1,kshv_microRNA,ENSG00000197579_ENST00000360538_TOPORS_mRNA,mRNA,1
kshv-miR-K12-1,kshv_microRNA,ENSG00000198830_ENST00000361427_HMGN2_mRNA,mRNA,1
kshv-miR-K12-1,kshv_microRNA,ENSG00000143321_ENST00000368209_HDGF_mRNA,mRNA,1
kshv-miR-K12-1,kshv_microRNA,ENSG00000143321_ENST00000357325_HDGF_mRNA,mRNA,1
kshv-miR-K12-1,kshv_microRNA,ENSG00000057608_ENST00000380181_GDI2_mRNA,mRNA,1
kshv-miR-K12-1,kshv_microRNA,ENSG00000057608_ENST00000380191_GDI2_mRNA,mRNA,1
kshv-miR-K12-1,kshv_microRNA,ENSG00000174231_ENST00000304992_PRPF8_mRNA,mRNA,1
kshv-miR-K12-1,kshv_microRNA,ENSG00000064490_ENST00000392324_RFXANK_mRNA,mRNA,1
kshv-miR-K12-1,kshv_microRNA,ENSG00000064490_ENST00000353145_RFXANK_mRNA,mRNA,1
kshv-miR-K12-1,kshv_microRNA,ENSG00000064490_ENST00000303088_RFXANK_mRNA,mRNA,1
kshv-miR-K12-1,kshv_microRNA,ENSG00000064490_ENST00000407360_RFXANK_mRNA,mRNA,1
kshv-miR-K12-1,kshv_microRNA,ENSG00000133121_ENST00000255486_STARD13_mRNA,mRNA,1
kshv-miR-K12-1,kshv_microRNA,ENSG00000133121_ENST00000399365_STARD13_mRNA,mRNA,1
kshv-miR-K12-1,kshv_microRNA,ENSG00000133121_ENST00000361430_STARD13_mRNA,mRNA,1
kshv-miR-K12-1,kshv_microRNA,ENSG00000118496_ENST00000237281_FBXO30_mRNA,mRNA,1
kshv-miR-K12-1,kshv_microRNA,ENSG00000133318_ENST00000339997_RTN3_mRNA,mRNA,1
kshv-miR-K12-1,kshv_microRNA,ENSG00000133318_ENST00000356000_RTN3_mRNA,mRNA,1
kshv-miR-K12-1,kshv_microRNA,ENSG00000133318_ENST00000341307_RTN3_mRNA,mRNA,1
kshv-miR-K12-1,kshv_microRNA,ENSG00000196290_ENST00000419903_NIF3L1_mRNA,mRNA,1
kshv-miR-K12-1,kshv_microRNA,ENSG00000196290_ENST00000359683_NIF3L1_mRNA,mRNA,1
kshv-miR-K12-1,kshv_microRNA,ENSG00000196290_ENST00000358515_NIF3L1_mRNA,mRNA,1
kshv-miR-K12-1,kshv_microRNA,ENSG00000196290_ENST00000409357_NIF3L1_mRNA,mRNA,1
kshv-miR-K12-1,kshv_microRNA,ENSG00000196290_ENST00000409020_NIF3L1_mRNA,mRNA,1
kshv-miR-K12-1,kshv_microRNA,ENSG00000196290_ENST00000409588_NIF3L1_mRNA,mRNA,1
kshv-miR-K12-1,kshv_microRNA,ENSG00000196290_ENST00000416651_NIF3L1_mRNA,mRNA,1
kshv-miR-K12-1,kshv_microRNA,ENSG00000124788_ENST00000244769_ATXN1_mRNA,mRNA,1
kshv-miR-K12-1,kshv_microRNA,ENSG00000124788_ENST00000436367_ATXN1_mRNA,mRNA,1
kshv-miR-K12-1,kshv_microRNA,ENSG00000124788_ENST00000450222_ATXN1_mRNA,mRNA,1
kshv-miR-K12-1,kshv_microRNA,ENSG00000198586_ENST00000442919_TLK1_mRNA,mRNA,1
kshv-miR-K12-1,kshv_microRNA,ENSG00000198586_ENST00000434911_TLK1_mRNA,mRNA,1
kshv-miR-K12-1,kshv_microRNA,ENSG00000198586_ENST00000521943_TLK1_mRNA,mRNA,1
kshv-miR-K12-1,kshv_microRNA,ENSG00000198586_ENST00000431350_TLK1_mRNA,mRNA,1
kshv-miR-K12-1,kshv_microRNA,ENSG00000074657_ENST00000336078_ZNF532_mRNA,mRNA,1
kshv-miR-K12-1,kshv_microRNA,ENSG00000101347_ENST00000262878_SAMHD1_mRNA,mRNA,1
kshv-miR-K12-1,kshv_microRNA,ENSG00000114120_ENST00000446041_SLC25A36_mRNA,mRNA,1
kshv-miR-K12-1,kshv_microRNA,ENSG00000122417_ENST00000359242_ODF2L_mRNA,mRNA,1
kshv-miR-K12-1,kshv_microRNA,ENSG00000122417_ENST00000294678_ODF2L_mRNA,mRNA,1
kshv-miR-K12-1,kshv_microRNA,ENSG00000083750_ENST00000374941_RRAGB_mRNA,mRNA,1
kshv-miR-K12-1,kshv_microRNA,MIMAT0000074_MirBase_miR-19b_microRNA,miRNA,1
kshv-miR-K12-1,kshv_microRNA,ENSG00000118181_ENST00000236900_RPS25_mRNA,mRNA,1
kshv-miR-K12-1,kshv_microRNA,ENSG00000113387_ENST00000502897_SUB1_mRNA,mRNA,1
kshv-miR-K12-1,kshv_microRNA,ENSG00000113387_ENST00000506237_SUB1_mRNA,mRNA,1
kshv-miR-K12-1,kshv_microRNA,ENSG00000113387_ENST00000512913_SUB1_mRNA,mRNA,1
kshv-miR-K12-1,kshv_microRNA,ENSG00000113387_ENST00000265073_SUB1_mRNA,mRNA,1
kshv-miR-K12-1,kshv_microRNA,ENSG00000113387_ENST00000515355_SUB1_mRNA,mRNA,1
kshv-miR-K12-1,kshv_microRNA,ENSG00000163719_ENST00000353332_MTMR14_mRNA,mRNA,1
kshv-miR-K12-1,kshv_microRNA,ENSG00000163719_ENST00000351233_MTMR14_mRNA,mRNA,1
kshv-miR-K12-1,kshv_microRNA,ENSG00000163719_ENST00000296003_MTMR14_mRNA,mRNA,1
kshv-miR-K12-1,kshv_microRNA,ENSG00000240717_ENST00000468070_AC092156-5_pseudo,pseudogene,1
kshv-miR-K12-1,kshv_microRNA,ENSG00000164463_ENST00000296953_C5orf41_mRNA,mRNA,1
kshv-miR-K12-1,kshv_microRNA,MIMAT0000440_MirBase_miR-191_microRNA,miRNA,1
kshv-miR-K12-1,kshv_microRNA,ENSG_ENST_chr1-trna117-GlyTCC_tRNA,tRNA,1
kshv-miR-K12-1,kshv_microRNA,ENSG_ENST_chr19-trna2-GlyTCC_tRNA,tRNA,1
kshv-miR-K12-1,kshv_microRNA,ENSG_ENST_chr17-trna10-GlyTCC_tRNA,tRNA,1
kshv-miR-K12-1,kshv_microRNA,ENSG00000145016_ENST00000273582_KIAA0226_mRNA,mRNA,1
kshv-miR-K12-1,kshv_microRNA,ENSG00000145016_ENST00000417842_KIAA0226_mRNA,mRNA,1
kshv-miR-K12-1,kshv_microRNA,ENSG00000145016_ENST00000455374_KIAA0226_mRNA,mRNA,1
kshv-miR-K12-1,kshv_microRNA,ENSG00000231925_ENST00000426633_TAPBP_mRNA,mRNA,1
kshv-miR-K12-1,kshv_microRNA,ENSG00000206208_ENST00000383066_TAPBP_mRNA,mRNA,1
kshv-miR-K12-1,kshv_microRNA,MIMAT0000425_MirBase_miR-130a_microRNA,miRNA,1
kshv-miR-K12-1,kshv_microRNA,MIMAT0000081_MirBase_miR-25_microRNA,miRNA,1
kshv-miR-K12-1,kshv_microRNA,kshv-miR-K12-6-5p,kshv_microRNA,1
kshv-miR-K12-1,kshv_microRNA,ENSG00000145623_ENST00000274276_OSMR_mRNA,mRNA,1
kshv-miR-K12-1,kshv_microRNA,ENSG00000047644_ENST00000380861_WWC3_mRNA,mRNA,1
kshv-miR-K12-1,kshv_microRNA,kshv-miR-K12-1*,kshv_microRNA,1
kshv-miR-K12-1,kshv_microRNA,MIMAT0000710_MirBase_miR-365_microRNA,miRNA,1
kshv-miR-K12-1,kshv_microRNA,ENSG00000092607_ENST00000369429_TBX15_mRNA,mRNA,1
kshv-miR-K12-1,kshv_microRNA,ENSG00000092607_ENST00000207157_TBX15_mRNA,mRNA,1
kshv-miR-K12-1,kshv_microRNA,ENSG00000177606_ENST00000371222_JUN_mRNA,mRNA,1
kshv-miR-K12-1,kshv_microRNA,ENSG00000091656_ENST00000521891_ZFHX4_mRNA,mRNA,1
kshv-miR-K12-1,kshv_microRNA,ENSG00000125691_ENST00000479035_RPL23_mRNA,mRNA,1
kshv-miR-K12-1,kshv_microRNA,ENSG00000125691_ENST00000394332_RPL23_mRNA,mRNA,1
kshv-miR-K12-1,kshv_microRNA,ENSG00000094916_ENST00000209875_CBX5_mRNA,mRNA,1
kshv-miR-K12-1,kshv_microRNA,ENSG00000094916_ENST00000454593_CBX5_mRNA,mRNA,1
kshv-miR-K12-1,kshv_microRNA,ENSG00000094916_ENST00000439541_CBX5_mRNA,mRNA,1
kshv-miR-K12-1,kshv_microRNA,MIMAT0000100_MirBase_miR-29b_microRNA,miRNA,1
kshv-miR-K12-1,kshv_microRNA,MIMAT0000417_MirBase_miR-15b_microRNA,miRNA,1
kshv-miR-K12-1,kshv_microRNA,MIMAT0000759_MirBase_miR-148b_microRNA,miRNA,1
kshv-miR-K12-1,kshv_microRNA,MIMAT0000222_MirBase_miR-192_microRNA,miRNA,1
kshv-miR-K12-1,kshv_microRNA,MIMAT0000067_MirBase_let-7f_microRNA,miRNA,1
kshv-miR-K12-1,kshv_microRNA,MIMAT0000455_MirBase_miR-185_microRNA,miRNA,1
kshv-miR-K12-1,kshv_microRNA,MIMAT0000244_MirBase_miR-30c_microRNA,miRNA,1
kshv-miR-K12-1,kshv_microRNA,MIMAT0000460_MirBase_miR-194_microRNA,miRNA,1
kshv-miR-K12-1,kshv_microRNA,kshv-miR-K12-12*,kshv_microRNA,1
kshv-miR-K12-1,kshv_microRNA,ENSG00000116539_ENST00000392403_ASH1L_mRNA,mRNA,1
kshv-miR-K12-1,kshv_microRNA,ENSG00000070761_ENST00000262498_C16orf80_mRNA,mRNA,1
kshv-miR-K12-1,kshv_microRNA,ENSG00000197386_ENST00000355072_HTT_mRNA,mRNA,1
kshv-miR-K12-1,kshv_microRNA,ENSG00000116221_ENST00000360840_MRPL37_mRNA,mRNA,1
kshv-miR-K12-1,kshv_microRNA,ENSG00000164754_ENST00000297338_RAD21_mRNA,mRNA,1
kshv-miR-K12-1,kshv_microRNA,ENSG00000116251_ENST00000234875_RPL22_mRNA,mRNA,1
kshv-miR-K12-1,kshv_microRNA,MIMAT0000083_MirBase_miR-26b_microRNA,miRNA,1
kshv-miR-K12-1,kshv_microRNA,MIMAT0000084_MirBase_miR-27a_microRNA,miRNA,1
kshv-miR-K12-1,kshv_microRNA,MIMAT0000265_MirBase_miR-204_microRNA,miRNA,1
kshv-miR-K12-1,kshv_microRNA,ENSG00000241591_ENST00000470885_AC025731-3_pseudo,pseudogene,1